song_id,title,artist
2,"""Tonight  A Lonely Century""","""The New Mystikal Troubadours"""
3,"""DD Groove""","""Kevin MacLeod"""
4,"""Slow Burn""","""Kevin MacLeod"""
5,"""Nothing Much""","""My Bubba & Mi"""
7,"""Hustle""","""Kevin MacLeod"""
8,"""Dirt Rhodes""","""Kevin MacLeod"""
10,"""Stormy Blues""","""Arne Bang Huseby"""
12,"""Rebel Blues""","""Sul Rebel"""
13,"""Oh Kiss No""","""My Bubba & Mi"""
17,"""Fjcb Reddit Gtr Fills Mix""","""Phoephus"""
18,"""Beat The Devil's Tattoo (Live @ KEXP)""","""Black Rebel Motorcycle Club"""
19,"""Vultures""","""WHO'S PANDA"""
20,"""Blues Shuffle in A One Take Improv Exercise""","""Stevie's Amp Shack"""
21,"""My War Blues""","""Cian Nugent"""
22,"""The Holy Feele""","""The New Mystikal Troubadours"""
24,"""Workin Boy Blues""","""Bombay Laughing Club"""
25,"""RL Got Soul""","""The Jon Spencer Blues Explosion"""
31,"""All is Right""","""Short Hand"""
32,"""Princely & Comely""","""The Agrarians"""
35,"""Apoli""","""Olima Anditi"""
37,"""Afro""","""The Jon Spencer Blues Explosion"""
39,"""Ramblin' Rose""","""Barrence Whitfield and The Savages"""
40,"""You And Me Baby (Holding On) (Live @ KEXP)""","""Chuck Prophet"""
41,"""Like Nothing Else""","""The New Mystikal Troubadours"""
42,"""A Cinematic Influence""","""The New Mystikal Troubadours"""
43,"""PuritansToo ""","""The Agrarians"""
44,"""Walkabout""","""Digital Primitives"""
45,"""Untitled 05""","""Mountain Cult"""
46,"""Shes Too Fat""","""Little Howlin' Wolf"""
47,"""Boulevard St Germain""","""Jahzzar"""
48,"""Our Sacred Cues""","""The New Mystikal Troubadours"""
49,"""Our Nights on the Turnpike""","""The Agrarians"""
50,"""Railroad's Whiskey Co""","""Jahzzar"""
51,"""Fathers Tell Yr Sons ""","""The Agrarians"""
52,"""Recognize An Hour Divine""","""The Agrarians"""
53,"""Owed to Old Poets  Our Role in the Play""","""The New Mystikal Troubadours"""
54,"""Broken""","""Fit and the Conniptions"""
55,"""Baby Please Don't Go ""","""Big Bill Broonzy"""
56,"""Fafa""","""Vieux Farka Touré"""
58,"""Nothing's Any Fun Any More""","""Fit and the Conniptions"""
59,"""The Truth Is What We Make of It""","""The Agrarians"""
60,"""Heat Index""","""Michael Chapman & The Woodpiles"""
62,"""Baby's Got Morphine Eyes""","""Zombie Prom Queen"""
64,"""Jungle Love Revisited""","""The New Mystikal Troubadours"""
65,"""Bellbottoms""","""The Jon Spencer Blues Explosion"""
67,"""Gadzooks""","""The Jon Spencer Blues Explosion"""
68,"""Sixes & Sevens (Excerpt)""","""Cian Nugent"""
69,"""Keep Your Lamp Trimmed And Burning [traditional]""","""Billy Childish"""
70,"""Deportee""","""Michael Chapman & The Woodpiles"""
71,"""The Daily Dose Age""","""The Agrarians"""
72,"""Bona Fide""","""Crete Boom"""
73,"""Lalalala""","""Solo Dja Kabako"""
74,"""Interview""","""Mount Carmel"""
76,"""Untitled 07""","""Mountain Cult"""
77,"""Yr Blues Tripping""","""The Rope River Blues Band"""
78,"""How to go to sleep""","""Mr. & Mrs. Smith"""
79,"""No Holiday""","""Digital Primitives"""
80,"""Roulette""","""Lorenzo's Music"""
81,"""The Newest Fashions""","""The Agrarians"""
82,"""Goin On""","""Mr. & Mrs. Smith"""
83,"""If You Love Me Like You Say""","""Paul  Wine  Jones"""
84,"""Swallow Me Up""","""Mount Carmel"""
85,"""Out Of Our Heads""","""Lantern"""
86,"""Eat at Joe's""","""Eat at Joe's"""
87,"""Untitled 04""","""Mountain Cult"""
88,"""We All Fall Down""","""Lorenzo's Music"""
89,"""Common Experiences Man ""","""The New Mystikal Troubadours"""
90,"""Wood For The Trees""","""Fit and the Conniptions"""
91,"""One""","""Sim Cain"""
92,"""Further""","""The Rope River Blues Band"""
93,"""Waitin' (Live @ KEXP)""","""Betsy Olson"""
95,"""Old Strange""","""Steve Gunn"""
96,"""Aces and Twos (Live @ KEXP)""","""The Devil Makes Three"""
98,"""The Index of Memory""","""The Agrarians"""
99,"""Chamber Blues' Tidal Band Presents""","""The New Mystikal Troubadours"""
101,"""Least the Ocean is Wet""","""Mr. & Mrs. Smith"""
102,"""Electricity""","""Marisa Anderson"""
103,"""Untitled 01""","""Mountain Cult"""
104,"""Ben Jonson's Blues""","""The Rope River Blues Band"""
105,"""Girl Might Do""","""mojo monkeys"""
106,"""Wander In A Dream""","""Fit and the Conniptions"""
107,"""We Three Kings""","""Tarred Brigade"""
108,"""Giving Away The Bride (Live @ KEXP)""","""Califone"""
109,"""You're the Wave  Wander!""","""The Agrarians"""
110,"""(Come On and Feele) The Faith in Me""","""The Agrarians"""
111,"""Drop Down Low""","""Jawbone"""
112,"""Big Mamou""","""Barrence Whitfield and The Savages"""
113,"""(Shuffling Towards) Art's Holy Shrine""","""The New Mystikal Troubadours"""
114,"""Inne (Live @ KEXP)""","""Vieux Farka Touré"""
115,"""Bip Bop Bip""","""Barrence Whitfield and The Savages"""
116,"""Mistress Song""","""Fit and the Conniptions"""
117,"""Queen of Loneliness""","""Delta Dreambox"""
118,"""America""","""Cooper-Moore & Assif Tsahar"""
119,"""Ethio Song""","""Amen Dunes"""
120,"""Mr Franklin""","""Steve Gunn"""
121,"""The not so flashy Exit""","""Mr. & Mrs. Smith"""
122,"""The Attack of Ev'ry Time""","""The Agrarians"""
123,"""Awei Womei (Live @ KEXP)""","""Vieux Farka Touré"""
124,"""The Banks of Eternity""","""The Agrarians"""
125,"""Songtress' Sweet Song""","""The Agrarians"""
126,"""Le petit jardin (with Les Gauchers Orchestra)""","""Lee Maddeford"""
127,"""Sunset""","""Evgeny Grinko"""
128,"""Veloma""","""Fabrizio Paterlini"""
129,"""Sneeuwland""","""Oskar Schuster"""
130,"""Strides""","""Jared C. Balogh"""
131,"""Wonderland (Instrumental)""","""Dexter Britain"""
133,"""Aleph""","""Ophir Ilzetzki"""
134,"""Summers Coming""","""Dexter Britain"""
135,"""O Solitude (H""","""Jody Pou"""
136,"""Fourth""","""Mystic Morrison Visions"""
137,""" I""","""Aaron Dunn-Sonatina No. 1 in C Major """
138,"""Encounters With Abusive Men""","""Silver Process"""
140,"""Shaking Off The Rust""","""Jared C. Balogh"""
142,""" Carosello""","""Circus Marcus-Aux puces nº2 """
143,"""Aux puces nº5""","""Circus Marcus"""
144,"""The Passing of Time""","""krackatoa"""
145,"""The Forest and the Trees""","""Kevin MacLeod"""
146,"""Nine""","""Marcel Pequel"""
148,"""Bending Light Infinity version""","""krackatoa"""
149,"""Gagool""","""Kevin MacLeod"""
150,"""Bow to Your Neighbor (Excerpt)""","""Steven Arntson"""
151,"""Pacifico""","""James Beaudreau"""
152,"""The Tea Party""","""Dexter Britain"""
153,"""Blizzard""","""Evgeny Grinko"""
154,"""Ouverture""","""Lee Maddeford"""
155,"""Cyprus""","""Jared C. Balogh"""
156,"""Wheel of fortune (with Les Gauchers Orchestra)""","""Lee Maddeford"""
157,"""Opening Doors""","""Jamie Evans"""
158,"""5 00 AM""","""Peter Rudenko"""
159,"""Awaken From A Nightmare""","""Silver Process"""
160,""" Suite for Violin 9 Hora vivace""","""Advent Chamber Orchestra-Bughici """
161,"""O Fortuna""","""MIT Concert Choir"""
162,"""Le bal de Rémy""","""Circus Marcus"""
163,"""Caught In A Realm""","""Jared C. Balogh"""
164,"""Row Night""","""Silver Process-Skid"""
166,"""Stop It (Instrumental)""","""Dexter Britain"""
167,""" Les chaises Louis XVI""","""Circus Marcus-Aux puces nº1 """
168,"""Funeral March for Brass""","""Kevin MacLeod"""
169,"""Black Coffee""","""Jody Pou"""
170,""" La Flor de Olmedo""","""Circus Marcus-Aux puces nº6 """
171,"""That Kid in Fourth Grade Who Really Liked the Denver Broncos""","""Chris Zabriskie"""
172,"""The Temperature of the Air on the Bow of the Kaleetan""","""Chris Zabriskie"""
173,"""Ease""","""Andrew Bisset-Cultural Dis"""
174,"""War And Peace""","""Jamie Evans"""
175,"""Don't You Want to Go to Heaven Uncle Sam  ""","""Steven Arntson"""
176,"""Six""","""Marcel Pequel"""
177,"""O Come O Come Emmanuel""","""IKOS David Clifton with the choirs of Peterborough Cathedral"""
178,"""Uno Is Walking""","""K-Conjog"""
179,"""The Time To Run""","""Dexter Britain"""
180,"""Bridging and Mending""","""Jared C. Balogh"""
181,"""A Muddy Heart""","""Steven Arntson"""
182,"""Dedicated to Elizabeth Cotten (with Matt Bauder)""","""Jessica Pavone"""
184,"""imagined version)""","""Fabrizio Paterlini-Forever blue (March Rosetta re"""
185,"""Ghost Dance""","""Kevin MacLeod"""
186,"""Nights Tale""","""Dexter Britain"""
187,"""Other Child Room""","""Evgeny Grinko"""
188,"""Tom's Lullaby (with Les Gauchers Orchestra)""","""Lee Maddeford"""
189,"""Wild Rover with Bellevue Chamber Chorus""","""Sláinte"""
190,"""Virtutes Instrumenti""","""Kevin MacLeod"""
191,"""Variatio 14 a 2 Clav""","""Kimiko Ishizaka"""
192,"""Lucky""","""Steven Arntson"""
193,"""Hands""","""Matthew Mehlan"""
194,"""Reminiscence""","""Jamie Evans"""
195,"""Golden Alley Reprise""","""Rebecca Foon"""
196,"""Borodin Butterfly""","""Lanark"""
197,"""Eight""","""Marcel Pequel"""
198,"""Red Danube""","""Lee Rosevere"""
199,"""Spring Mvt 1 Allegro""","""John Harrison with the Wichita State University Chamber Players"""
201,"""Les crocodiles mangent aussi les bonshommes Wizzards""","""Circus Marcus"""
202,"""God Rest Ye Merry Gentlemen""","""Chance's end"""
203,"""WATCHING IT SNOW WHILE THINKING OF YOU""","""Jared C. Balogh"""
204,"""Sinfonia di Violoncello e AM RadioFinitura""","""Joe Merolla"""
205,"""Prelude No""","""Chris Zabriskie"""
206,"""Unisons""","""Ophir Ilzetzki"""
207,"""Notebook Reading""","""Dexter Britain"""
208,"""Leave Well Enough Alone (Instrumental)""","""Dexter Britain"""
209,"""Amazing Grace 2011""","""Kevin MacLeod"""
210,""" Suite for Violin 8 Ardeleneascamoderato ""","""Advent Chamber Orchestra-Bughici """
211,"""After Christmas""","""Dexter Britain"""
212,"""My Song For January""","""Dexter Britain"""
213,"""Graveyard Illusions""","""Silver Process"""
214,"""Blue sox""","""Arnaud Roy"""
215,"""In A Party Watching A Party""","""Silver Process"""
216,"""On Things Invisible to the Eye (Act II)""","""Lloyd Rodgers"""
217,"""Haunted""","""Jamie Evans"""
218,"""the piano of the old seaman""","""Evgeny Grinko"""
219,"""The Book of Floating""","""The New Heaven and The New Earth"""
220,"""Jazz Band With Jazz Hands""","""Silver Process"""
221,"""First""","""The New York Underground Orchestra (Conducted By Assif Tsahar)"""
222,"""ha'zman""","""Ophir Ilzetzki"""
223,"""One""","""Marcel Pequel"""
224,"""jingles interludes et dimanche minuit""","""LE CHEVALIER DE RINCHY"""
225,"""The Anticipation Of Spring""","""Jared C. Balogh"""
226,"""A TOUGH DECISION""","""Jared C. Balogh"""
227,"""SELF REFLECT""","""Jared C. Balogh"""
228,"""Woody Allen""","""Evgeny Grinko"""
229,"""Slow Motion Strut Version Two""","""Dexter Britain"""
231,"""Train""","""Dexter Britain"""
232,""" Serenade for Strings Op22 in E Major larghetto""","""Advent Chamber Orchestra-Dvorak """
233,"""HURRY UP AND RAIN""","""Jared C. Balogh"""
234,"""Dedicated to Leroy Jenkins""","""Jessica Pavone"""
235,"""Flight of the Moth""","""Steven Arntson"""
236,"""Transmutation Of Metals""","""Chuck Bettis & Joe Merolla"""
237,"""Birth""","""Steven Arntson"""
238,""" BWV 846""","""Kevin MacLeod-J. S. Bach  Prelude in C """
239,"""Seven""","""Marcel Pequel"""
240,"""Gammelvals""","""Puh"""
241,"""After The Week I've Had""","""Dexter Britain"""
242,"""Silent Night""","""IKOS David Clifton with the choirs of Peterborough Cathedral"""
243,"""Ave formosissima — O Fortuna (reprise)""","""MIT Concert Choir"""
244,"""Valediction""","""Steven Arntson"""
245,""" Entrance to the Queen of Sheba for Two Oboes Strings and Continuo allegro ""","""Advent Chamber Orchestra-Handel """
246,"""Traumatic Childhood""","""Silver Process"""
247,"""Micro Composition 10""","""Jared C. Balogh"""
248,"""Chasing Time""","""Dexter Britain"""
250,"""Winter Mvt 3 Allegro""","""John Harrison with the Wichita State University Chamber Players"""
253,"""Dance!""","""The Rope River Blues Band"""
254,"""Original Rags (1900 piano roll) ""","""Scott Joplin"""
257,"""Wine Wine Wine""","""Stompin' Riff Raffs"""
258,"""ChainSmoke Days""","""Mr. & Mrs. Smith"""
260,"""Detroit""","""The Moaners"""
262,"""The Entertainer (1902 piano roll) ""","""Scott Joplin"""
264,"""House Rent Jump""","""Peter Case"""
265,"""Emmet's Cuckoo Song""","""George P. Watson"""
266,"""SOLO ACOUSTIC GUITAR""","""Jason Shaw"""
269,"""Swan Song""","""Paper Navy"""
270,"""I Do Like To Be Beside The Seaside (1907 piano roll) ""","""John H. Glover-Kind"""
272,"""JENNY'S THEME""","""Jason Shaw"""
273,"""Western Country""","""Shake That Little Foot"""
274,"""Mochi""","""LE CLUB DES CHATS"""
275,"""Rednecks with White Faces""","""Caühaüs"""
276,"""Blackberry Hedge""","""Secret Jane"""
278,"""ACOUSTIC BLUES""","""Jason Shaw"""
279,"""Party""","""Krestovsky"""
280,"""Upper Room""","""Flying Cloud"""
281,"""The Smiler (1907Zonophone Concert Band) ""","""Percy Wenrich"""
282,"""Have You Seen It ""","""Dr. Frankenstein"""
284,"""Last Dance""","""Jahzzar"""
285,"""Death Valley Waltz""","""Lucas Gonze"""
286,""" Z. Brewster""",Scott Joplin-Maple Leaf Rag (1899 Geisz version)
288,"""WORDS""","""Jason Shaw"""
289,"""Pine Apple Rag (1908 piano roll) ""","""Scott Joplin"""
290,"""The City""","""Abe Sada"""
292,"""Horror Show""","""Stompin' Riff Raffs"""
293,"""Ayahuasca""","""Party People in a Can"""
294,"""Chinese Blues (1916 George Gershwin piano roll) ""","""Moore and Gardner"""
296,"""Candy""","""Caravan of Thieves"""
297,"""My Friend""","""Wooden Ambulance"""
298,"""Obvious""","""Moore & Sons"""
299,"""RUNNING WATERS""","""Jason Shaw"""
300,"""What I Found""","""The Brought Low"""
301,"""Never Turnin' Back (Live @ KEXP)""","""Shane Tutmarc"""
302,"""Danger Behind The Wheel (Live @ KEXP)""","""Rose's Pawn Shop"""
303,"""American English""","""The Canoes"""
304,"""Rose Room""","""Jeremy Cohen & Matt Munisteri"""
305,"""Riding Down To Mexico""","""Rex Allen"""
306,"""Frog Legs Rag (1906 piano roll)""","""James Scott"""
307,"""Turkey in the Straw""","""Shake That Little Foot"""
308,"""WHEELS""","""Jason Shaw"""
309,"""Theme for  The Mad Thinker ""","""Dr. Frankenstein"""
310,"""Neighborhood Funeral Dress""","""Mr. & Mrs. Smith"""
311,"""Ghostwriter""","""Caravan of Thieves"""
312,"""Wild Guide""","""Austin Leonard Jones"""
313,"""TRAVEL LIGHT""","""Jason Shaw"""
314,"""Ox Driving Song""","""Austin Leonard Jones"""
315,"""Scotland the Brave""","""Shake That Little Foot"""
316,"""The River""","""Kenny Tudrick"""
317,"""Rose Water""","""Waylon Thornton"""
318,"""Emergency Exit""","""Dr. Frankenstein"""
319,"""Frog In The Well""","""Lucas Gonze"""
320,"""99 Chicks""","""Stompin' Riff Raffs"""
321,"""Necrófago""","""Dr. Frankenstein"""
322,"""I Wanna Say Hello""","""Pee Wee King"""
323,"""Pilgim Song (Live @ KEXP)""","""The Water Tower Bucket Boys"""
324,"""SERENITY""","""Jason Shaw"""
325,"""Birmingham Jail""","""Chatham County Line"""
326,"""THINGAMAJIG""","""Jason Shaw"""
327,"""Ricky Dee""","""Bandana Splits"""
328,"""Imna 'Merican""","""U Can Unlearn Guitar"""
329,"""Cars and Parties""","""Edith Frost"""
330,"""Loco Two""","""Vonn Krapp Family"""
332,"""FUNKY JUNKY""","""Jason Shaw"""
333,"""Live at the Winston""","""Thee Irma & Louise"""
334,"""Childhood Days""","""Universal Jubilaires"""
335,"""Help You (Live @ KEXP)""","""Trampled By Turtles"""
336,"""Rock n Roll McDonald's""","""The Shut-Ins"""
338,"""Southern Gothic""","""Bureaucratica"""
339,"""ROCKY TOP""","""Jason Shaw"""
340,"""30 Days in the Workhouse""","""Peter Case"""
341,"""Columbine""","""Audra Kubat"""
342,"""ACOUSTIC MEDITATION""","""Jason Shaw"""
343,"""Clear Blue Sky""","""Chatham County Line"""
344,"""ONE FINE DAY""","""Jason Shaw"""
345,"""You Shake Me""","""Stompin' Riff Raffs"""
346,"""TENNESEE HAYRIDE""","""Jason Shaw"""
347,"""Goodbye Old Paint""","""Johnny Bond"""
348,"""I Wish I Was A Headlight""","""Austin Leonard Jones"""
349,"""There Were Some Famous Artists""","""Jim Long"""
350,"""BACK TO THE WOODS""","""Jason Shaw"""
352,"""Talk About Suffering""","""Lucas Gonze"""
353,"""Birmingham Jail""","""Johnny Bond"""
354,""" If Not For Your Sweet Heart ""","""Eric Villa"""
355,"""Check Girl""","""Al Duvall-Stuck On A Hat"""
356,"""SNAPPY""","""Jason Shaw"""
357,"""Red Clay Road""","""D. Charles Speer & the Helix"""
358,"""Love Song To Little Trees""","""Bill Crosson"""
359,"""Bed""","""Jahzzar"""
360,"""NICE AND EASY""","""Jason Shaw"""
361,"""AUTUMN SUNSET""","""Jason Shaw"""
362,"""RIVER MEDITATION""","""Jason Shaw"""
364,"""MOUNTAIN SUN""","""Jason Shaw"""
365,"""Waterbound""","""Shake That Little Foot"""
366,"""Dirty Fingernails""","""Golden Boys"""
367,"""After Today""","""Tift Merritt"""
368,"""Better Do It Now""","""Spade Cooley &  the Western Swing Dance Gang Feat. Tex Williams"""
369,"""Mr""","""Mr. & Mrs. Smith"""
370,"""Little Wooden Church""","""The Trumpeteers"""
371,"""Will""","""Stapleton Brothers-Call of the Whip-Poor"""
372,"""Runaway Puppy""","""QQQ"""
374,"""Gambler's Blues""","""The Crevulators"""
375,"""Bit a Bullet""","""Mr. & Mrs. Smith"""
376,"""Night Owl""","""Broke For Free"""
378,"""Deep Sky Blue""","""Graphiqs Groove"""
379,"""Chantiers Navals 412""","""LJ Kruzer"""
380,"""Five Minutes at the Rainforest Cafe""","""Macaw"""
381,""" DnB Mix (Germany)""","""Hot Fire-Them Never Love No Bans """
383,"""Neuroleptic trio instrumental 5""","""Neuroleptic Trio"""
384,"""Whirlwind Dance""","""Ghost Hunter"""
386,"""As Colorful As Ever""","""Broke For Free"""
387,"""Memories Of Thailand (Beat Doctor's 'stuck in Britain' remix)""","""Risey"""
390,"""Midori""","""Beat Culture"""
391,"""Another Position (original mix)""","""Morphamish"""
392,"""Ode To A Baby Snowstorm""","""Ghostly Dust Machine"""
393,"""Lysine""","""Max Tundra"""
395,"""Spectrum (Subdiffusion Mix)""","""Foniqz"""
397,"""Mercy""","""Lucky Dragons"""
399,"""Waking Up (Instrumental)""","""Dexter Britain"""
400,"""Run The Tape""","""Asthmatic Astronaut"""
401,"""Something Elated""","""Broke For Free"""
402,"""Quittin' Time""","""Patrick Lee"""
403,"""Flying pea v""","""Daddy_Scrabble"""
404,"""Calm The Fuck Down""","""Broke For Free"""
405,"""Presenterator""","""Kevin MacLeod"""
406,"""My God Those Legs""","""Smersh"""
407,""" april deegee rmx""","""Digi G'Alessio-ekiti son feat valeska """
408,"""snow world under the white moon""","""EeL"""
410,"""Twinkling""","""Zero V"""
415,"""Dubsteady""","""Phoniandflore"""
416,"""Please Mind the Dubstep""","""Bitbasic"""
419,"""over and under""","""Antiphon"""
420,"""90""","""Casetofoane"""
422,"""Moonlight and Roses""","""Lee Rosevere"""
423,"""My Pretty Looking Clothes""","""Glass Boy"""
425,"""Stars""","""Decktonic"""
426,"""Whispering Through""","""Asura"""
427,"""Enthusiast""","""Tours"""
428,"""How Exciting""","""Revolution Void"""
429,"""Divider""","""Chris Zabriskie"""
430,"""Black Gloves""","""Vitus Von Degen"""
431,"""Dub steps""","""Dub Terminator"""
432,"""Barbarian""","""Pierlo"""
435,"""Warm Up Suit""","""Broke For Free"""
436,"""raw instrumental pt""","""Digi G'Alessio"""
437,"""Night Beach""","""Psychadelik Pedestrian"""
440,"""Oh Wee""","""Immortal Beats"""
441,"""Singing Forest""","""M.W.D."""
442,""" Arrogalla remix feat Andrea Congia]""","""Volfoniq-Memori [Amentu Segretu """
444,"""People Living And Leaving Big Citys""","""Augustus Bro & Gallery Six"""
445,"""Casual Graphic Designer""","""Bacalao"""
448,"""Destination""","""Anitek"""
449,"""simple""","""Orbique"""
450,"""Grief And Sleep""","""Ghosts"""
451,"""Smoothest Runes""","""Thick Business"""
452,"""La (instrumental)""","""YACHT-Shangri"""
453,"""Only Instrumental""","""Broke For Free"""
454,"""Steppin""","""Wake"""
455,"""Expedition Chant Cup""","""Music For Your Plants"""
456,"""Crack in Time""","""Stickfigure"""
458,"""Night Fly""","""Nameless Dancers"""
459,"""Cryin in the Delta Wind""","""Mutherpluckin' B"""
460,"""Inner Demon""","""Flex Vector"""
461,"""Ocean Breeze""","""Sycamore Drive"""
462,"""Ironic (feat""","""Morsa-Erotic Post"""
463,"""Overlay Star""","""Lomovolokno"""
464,"""Ropes""","""Plurabelle"""
466,"""Forever falling up""","""Fanas"""
467,"""Runtime error""","""Peter Sharp"""
468,"""Hiss""","""Zero V"""
469,"""Knock Knock""","""Broke For Free"""
472,"""I""","""Listen With Sarah"""
473,"""SmurfPulser""","""Illocanblo"""
475,"""Ooo""","""Morphamish + MAKO"""
477,"""Night Drive""","""Decktonic"""
478,"""Initiation""","""Zero V"""
479,"""Not Found (Invisible)""","""Jiony"""
480,"""entry""","""Lee Rosevere-Chapter Seven - Re"""
481,"""Seeing The Future""","""Dexter Britain"""
482,"""LA""","""Julian Winter"""
484,"""Got Me (club mix)""","""Beat Doctor"""
485,"""Coral Reef""","""Psychadelik Pedestrian"""
486,"""Neurociencia""","""Pulselooper"""
487,"""D2""","""Foniqz"""
488,"""Cold Summer Landscape""","""Blear Moon"""
489,"""Pink Fuzz!""","""The Protagonist!"""
490,"""Chico (The Way Out)""","""Apes on Tapes"""
492,"""Beryllos""","""M-PeX"""
493,"""summer""","""General Fuzz"""
494,"""Garden Theme""","""Deltason"""
496,"""OutroDub""","""Adubter"""
497,"""The Beat Goes On""","""Flex Vector"""
498,"""Drown""","""Altered Carbon"""
499,"""Bayview""","""Isle"""
500,"""القذافي الأمازون الحرس""","""Music For Your Plants"""
501,"""Behind The Seas""","""Possimiste"""
502,"""Capulet""","""The Rope River Blues Band"""
503,"""Big Gay Water Fight""","""Plushgoolash"""
504,"""Rebetikaud""","""Sam Shalabi"""
506,"""Like Home""","""Keshco"""
507,"""Mε Πιάνουνε Ζαλάδες""","""Caligine"""
512,"""Rast'e Tou Teke""","""Costa and Nero"""
513,"""Dream (instrumental)""","""Chan Wai Fat"""
514,"""SIDEWALK""","""Jason Shaw"""
515,"""Hash Smugglers Blues""","""Plankton Wat"""
518,"""Burning School""","""Free Piece of Tape"""
519,"""MDMA (Pt""","""Morus Alba"""
520,"""Broken Spell""","""Moore & Sons"""
521,"""Old Strange""","""Black Twig Pickers and Steve Gunn"""
522,"""New Rembetika   14""","""Mike Cooper & Viv Corringham"""
523,"""Love""","""The Upsidedown-E"""
524,"""Black Eyes""","""Nettle"""
525,"""(h) Banjo Arba Minch Garden""","""Cooper-Moore"""
527,"""A Stranger's Map of Texas""","""Michael Chapman & The Woodpiles"""
529,"""TV Dinner""","""Hiiragi Fukuda"""
530,"""The Tropical Lounge Prayer Directory""","""The New Mystikal Troubadours"""
535,"""Sally in the Garden Sifting Sand""","""Black Twig Pickers and Steve Gunn"""
536,"""Don't You Want to Go to HeavenUncle Sam  ""","""Steven Arntson"""
537,"""Efoumernam Ena Vradi""","""Astral Social Club"""
540,"""Trouba""","""Steve Gunn"""
544,"""Day Into Night""","""Rho"""
547,"""It's all right""","""Mr. & Mrs. Smith"""
550,"""Titanic""","""Michael Chapman & The Woodpiles"""
551,"""Harmless Blues""","""Moore & Sons"""
554,"""Wave Graves""","""Paneye"""
555,"""Views of The Holy & Divine""","""The Agrarians"""
556,"""Life on the Odyssean Wave""","""Steven Arntson"""
558,"""Good Night Heart""","""My Bubba & Mi"""
560,"""Vanlig""","""Jahzzar"""
561,"""La Minor Live at Pacific Parc Vol""","""La Minor"""
564,"""Solemn Ground""","""Fit and the Conniptions"""
565,"""Sousta Politiki""","""Amen Dunes"""
568,"""The Incredible Infection of Unintended Invection""","""U Can Unlearn Guitar"""
574,"""Cattails""","""Kevin MacLeod"""
577,"""Look inside""","""Jahzzar"""
579,"""The Surveyor""","""red_robin"""
580,"""Grass Above My Head""","""Cian Nugent"""
581,"""Mona Lisa""","""Atlas Sound"""
582,"""12 MORNINGS""","""Jason Shaw"""
584,"""Stin Ypoga""","""Ignatz"""
585,"""The Bright New Year (By Bert Jansch)""","""Yair Yona"""
586,"""Hemoglobin (Live at the Tonic Room)""","""Greg Gibbs"""
591,"""Whoopee Ti Yi Yo""","""The Sons Of The Pioneers"""
592,"""Tape Eater""","""Pietnastka"""
594,"""Di Hei Hei (sung by Po Sun Yi)""","""Chan Wai Fat"""
597,"""Wafternoon""","""Keshco"""
598,"""Joke""","""Jahzzar"""
600,"""32 Ford""","""Joe Mazzola"""
605,"""Flirt""","""The Simple Carnival"""
606,"""Ice Cream""","""Jahzzar"""
607,"""Past Has Not Passed""","""James Blackshaw"""
608,"""Adinatisa O Kaymenos""","""Daniel Padden"""
609,"""Eter""","""M-PeX"""
610,"""Shine""","""Jahzzar"""
611,"""Car Crash""","""Jahzzar"""
612,"""Wild Horse of Stony Point""","""Black Twig Pickers"""
613,"""Going to""","""Jahzzar"""
614,"""I Want To Destroy Something Beautiful""","""Josh Woodward"""
615,"""Talking""","""Moore & Sons"""
616,"""Hot Kettle and a Lonely Gun""","""Greg Gibbs"""
617,"""A Clean Slate""","""The Peach Tree"""
620,"""Aqua""","""M-PeX"""
621,"""The Blender is Not Built For That""","""Carter Thornton"""
622,"""Zoo""","""Greg Gibbs"""
623,"""Anniversary""","""Jahzzar"""
625,"""Night Ahead""","""Moore & Sons"""
628,"""Hungaria""","""Latché Swing"""
629,"""Volksing Ferretismico""","""Goto80 and the Uwe Schenk Band"""
631,"""Lansdowne""","""WWIII"""
632,"""Forward""","""Northbound"""
634,"""If I Can't Dance It's Not My Revolution""","""Quantum Jazz"""
635,"""The Third Man Theme (Live @ KEXP)""","""Rat City Brass"""
637,"""It smells like Chamomile Tea""","""Evgeny Grinko"""
638,"""Winter Sunshine""","""Evgeny Grinko"""
639,"""Indian Summer""","""Zero V"""
640,"""¡Qué Paciencia!""","""Los Sundayers"""
643,"""Thriller Iller""","""Goto80 and the Uwe Schenk Band"""
644,"""By the Coast (2004)""","""Antony Raijekov"""
645,"""Mutatis Mutandis""","""Cosmic Analog Ensemble"""
646,"""Backed Vibes Clean""","""Kevin MacLeod"""
647,"""Scattered Knowledge""","""Revolution Void"""
648,"""Swing 39""","""Latché Swing"""
649,"""I Remember You""","""Nature"""
650,"""City Tail""","""Ido Bukelman"""
651,"""Balancing Act""","""The Underscore Orkestra"""
652,"""Don't Rush""","""Zero V"""
653,"""Jazz Club""","""Kriss"""
654,"""asrealasitgets2)""","""Dizzy Banjo-Jazzy Macys (disquiet0038"""
656,"""when""","""Stephan Siebert"""
657,"""Ponky Fonky Ferret""","""Goto80 and the Uwe Schenk Band"""
658,"""AcidJazz""","""Kevin MacLeod"""
660,"""05 CherryBlossom""","""Daddy_Scrabble"""
661,"""Are""","""Oaxacan"""
662,"""Rythme Gitan""","""Latché Swing"""
663,"""Rail Star Mode""","""Spartak"""
664,"""Cable Swingin' Ferret""","""Goto80 and the Uwe Schenk Band"""
665,"""Sweet Georgia Brown""","""Latché Swing"""
666,"""Crackle & Pop""","""Digital Primitives"""
667,"""I Can't Behave""","""Caravan of Thieves"""
668,"""LordDa Mercy""","""Daddy_Scrabble"""
671,"""Menilmontant""","""Latché Swing"""
672,"""Vibe Ace""","""Kevin MacLeod"""
673,"""Mirando Hacia Atrás""","""Los Sundayers"""
674,"""Songe D'Automne""","""Latché Swing"""
675,"""Meetin' & Movin'""","""Merkel & Fritzemeier"""
676,"""Chosen Kale Mazel Tov""","""The Underscore Orkestra"""
677,"""Neuroleptic trio instrumental 6""","""Neuroleptic Trio"""
681,"""Devil with the Devil""","""The Underscore Orkestra"""
682,"""Resonance""","""Nature"""
684,"""magic of fog""","""Rushus"""
685,"""George""","""Curha"""
686,"""is there anybody out there""","""Sergi Boal"""
687,"""Balancing Act Chosen Kale Mazel Tov ""","""The Underscore Orkestra"""
688,"""Irresistible Yvette (with Les Gauchers Quintet)""","""Lee Maddeford"""
689,"""M (2003)""","""Antony Raijekov-Ambient"""
690,"""Infant Holy Infant Lowly ""","""Ann Alee"""
691,"""Hard Time Killing Floor Blues""","""Nature"""
692,"""Boudougou""","""Breuss Arrizabalaga Quintet-Nfamoudou"""
693,"""Impressive""","""Mystic Morrison Visions"""
695,"""Track 6""","""Sunny Jain's Red Baraat Festival"""
696,"""Extraordinary Vibe""","""Nature"""
697,"""VA Riding (Single Edit)""","""DJ Harrison"""
698,"""The Keeper (Live @ KEXP)""","""Bonobo"""
699,"""SYMPHONIC SLIDE""","""Jared C. Balogh"""
700,"""Moon Dream (Extended Mix)""","""Sephirot"""
702,"""Shipyard""","""WWIII"""
703,"""Arana""","""Jazz at Mladost Club"""
704,"""Monkeys have arrived""","""Daddy_Scrabble"""
706,"""Amari Szi""","""The Underscore Orkestra"""
707,"""Prelude #2 in A Minor (Chopin)""","""Ben Holmes and Patrick Farrell"""
708,"""NO MATH 7""","""Trans Atlantic Rage"""
709,"""Jovanko""","""The Underscore Orkestra"""
710,"""They Enter Through the Ear""","""Ehran Elisha and Roy Campbell"""
711,"""Dances and Dames""","""Kevin MacLeod"""
712,"""As I Figure""","""Kevin MacLeod"""
713,"""parte 1 parte 4 ""","""MarginalS"""
714,"""In The Techno Tent""","""Nature"""
715,"""PULLING MYSELF UP THROUGH""","""Jared C. Balogh"""
717,"""Underscore Underwear""","""The Underscore Orkestra"""
718,"""Cocek""","""The Underscore Orkestra"""
719,"""Transparente""","""Los Sundayers"""
721,"""Mic Check""","""Nature"""
722,"""Orbiting A Distant Planet""","""Quantum Jazz"""
723,"""April Showers""","""ProleteR"""
724,"""RSJFoundation live at Pacific Parc""","""Rotterdam Ska Jazz Foundation"""
725,"""Octopus""","""Mystic Morrison Visions"""
726,"""Trio Take 5""","""Cooper-Moore"""
727,"""THE HAPPIEST LIFE""","""Jared C. Balogh"""
728,"""Magdalena""","""The Underscore Orkestra"""
729,"""Pepper Spray Blues""","""The Luddites"""
730,"""Mircoobee""","""Keinzweiter"""
731,"""Džejbe Džejbe""","""Neuroleptic Trio"""
732,"""Dobur Vecher""","""The Underscore Orkestra"""
733,"""Mad About You""","""Yair Yona"""
734,"""Sandu""","""Hugo 'Droopy' Contini"""
735,"""Invisible Walls""","""Revolution Void"""
736,""" Sax""","""Kevin MacLeod-Night on the Docks """
737,"""Some Other Place""","""DJ Harrison"""
738,"""Blue Draggish""","""The Underscore Orkestra"""
739,"""Balcarabic Chicken""","""Quantum Jazz"""
740,"""Futoristico""","""Gilad Atzmon"""
741,"""Broken String""","""The Underscore Orkestra"""
742,""" Nitro""","""OPRACHINA-Oprachina """
743,"""Tasky""","""Blue Swerver"""
744,"""Capadócia""","""Thiago França"""
745,"""Maia""","""Kreng"""
746,"""My Blackbirds Are Bluebirds Now""","""The Moonlighters"""
747,"""bruch""","""Stephan Siebert-auf"""
748,"""Night City""","""Dirty Beaches"""
749,"""Big Fun (New Ruckus)""","""Slumgum"""
750,"""Street Song  Honga""","""Ben Holmes and Patrick Farrell"""
756,"""Lips""","""Plurabelle"""
757,"""Freeway""","""Kurt Vile"""
758,"""Ou Inme""","""ghostandthesong"""
759,"""Frozen Egg""","""Lame Drivers"""
763,"""Siesta""","""Jahzzar"""
764,"""Vogelbird""","""Sleeping Policemen"""
767,"""kirblooey""","""Windom Earle"""
769,"""Chaos""","""AMANDA"""
773,"""The Island Song""","""U.S. Girls"""
775,"""In The Early Months Of The Emergency""","""Ghost Hunter"""
776,"""Through The Haze Of The Green Glasses""","""Ghost Hunter"""
777,"""A Little Too Fast""","""The Strangers"""
779,"""What Circle Where""","""Macaw"""
780,"""Gay_Bar_videogame""","""The Wildbunch"""
781,"""Butterfly""","""Delicate Steve"""
782,"""Who Are You""","""The Strangers"""
784,"""Le Gateau Au Yaourt""","""Benjamin Bret"""
787,""" Ride The Tide""","""coverclub.nl-Schotel van de Dag """
789,"""No Slow Dancing""","""Austin Leonard Jones"""
790,"""City Sounds""","""Sycamore Drive"""
791,"""West Bank""","""Lezet"""
794,"""Window #3""","""Two Bicycles"""
795,"""Simon Cowell""","""Ergo Phizmiz"""
796,"""Ghost Transference""","""Learning Music"""
797,"""Sunday Lovers""","""Monday Night Fever"""
798,"""Waha""","""Casetofoane"""
799,"""Beach Point Pleasant""","""Ducktails"""
800,"""Cinq""","""Les Oreilles-Quarante"""
801,"""Marty Feldman""","""Keshco"""
804,"""Birthday Cake""","""Jahzzar"""
805,"""Son Of A Systems Engineer Manager""","""Keshco"""
806,""" Christmas Day With Me""","""coverclub.nl-Laura Vane & the Vipertones """
807,"""Ftgrr""","""Björn & Gorden"""
808,"""Lost""","""Greg Gibbs"""
810,"""El barzón""","""Los Amparito"""
811,"""Tourist Shooting Tar Balls""","""Party People in a Can"""
813,"""Wild & You""","""My Bubba & Mi"""
814,"""re bitterfly""","""etc."""
815,"""LightLivid ""","""Plurabelle"""
818,"""In Fielder""","""Miró Belle"""
819,"""Tilly's Punctured Romancer""","""Ergo Phizmiz"""
820,"""Wallflower""","""Plurabelle"""
823,"""You Want It""","""Gringo Star"""
824,"""Untold Story""","""Sycamore Drive"""
825,"""I Keep My Soul Alive with Different Kinds of Germs""","""FAVORS"""
826,"""I'll Keep It With Mine""","""Dean & Britta"""
829,"""Talk to me""","""Jahzzar"""
830,"""Enel""","""Casetofoane"""
831,"""Electrohood""","""Casetofoane"""
833,"""Rocky 5000""","""Casetofoane"""
834,"""Fly By Night""","""Keshco"""
836,"""Memories Are Made of This""","""The Scallions"""
839,"""Fun With Petroleum""","""Ergo Phizmiz"""
841,"""Nicotine Blues""","""Kurt Vile"""
844,"""Wizball""","""Gustav Taxén"""
845,"""The Great Giana Sisters (Piano cover)""","""Christian Vestergaard"""
846,"""High Buildings""","""Flora"""
848,"""Eating Baby Lions Nightmare""","""Shirley and Spinoza-Half"""
850,"""Strange Things""","""Ergo Phizmiz"""
851,""" Etam Etamski""","""How How-Tetrolux """
852,"""Erebus (piano)""","""Andrea Baroni"""
854,"""Through & Through""","""My Bubba & Mi"""
855,"""2""","""The Family Simpson"""
856,"""The Other Man""","""Sloan"""
857,"""Trick Pony (Live @ KEXP)""","""Charlotte Gainsbourg"""
858,"""Alive""","""Jahzzar"""
859,"""Delta""","""Moonove"""
860,"""Señor Bomba""","""MrJuan"""
863,"""The End of Time""","""Computer Magic"""
864,"""Polaroid""","""Jahzzar"""
865,"""Love Me Like You""","""The Mythics"""
866,"""Basket Ball Get Your Groove Back (Live @ KEXP)""","""Deerhoof"""
867,"""Saudades""","""Duda Nunes"""
869,"""cuts&bruises""","""Plurabelle"""
871,"""Deep Thought Process""","""Sycamore Drive"""
872,"""Ticking Away""","""Cranston"""
873,"""Summer Song (Instrumental)""","""YACHT"""
874,"""This Love's Got to Change""","""Black Math"""
876,"""Kopeika""","""et_"""
879,"""Computer""","""State Shirt"""
880,"""Stance Gives You Balance""","""Hogan Grip"""
882,"""The last ones""","""Jahzzar"""
884,"""Old White Eye""","""Ghost Hunter"""
886,"""Mariachi Bandits of Gatling Gun Ridge""","""krackatoa"""
887,"""Happening for Lulu""","""Kraus"""
889,"""Requiem for a Fish""","""The Freak Fandango Orchestra"""
890,"""The Beach! The Beach!""","""Holy Coast"""
891,"""Jupiter The Blue""","""Gillicuddy"""
892,"""North Sea Radio""","""Paneye"""
893,"""Blackroad""","""Tyrannic Toy"""
897,"""arriba""","""reed blue & exteenager"""
898,"""No""","""Room For A Ghost"""
899,"""One Man And His Piano""","""Linus Akesson"""
902,"""Naramiddu poita (feat""","""Arrogalla remixes Dadub"""
903,"""Wild Eyes (live @ WFMU)""","""Vivian Girls"""
904,"""Something In the Woods""","""krackatoa"""
908,"""You Can't Have It   Shinjuku Birdwalk""","""Karen Cooper Complex"""
909,"""Exotica""","""Juanitos"""
910,"""Utopia (instrumental)""","""YACHT"""
911,"""Jungle Law""","""Original Innocence"""
913,"""Untitled 06""","""Mountain Cult"""
915,"""Everything Is Changing""","""Noi"""
921,"""Sambarama""","""Juanitos"""
924,"""Strange Italian Song""","""Juanitos"""
925,"""Photosphere""","""Charles Atlas"""
926,"""Flying Alaska V""","""Everlone"""
928,the  13 O' Clock in the Morning,Waiters
931,"""Mickey Maos""","""Halloween"""
932,"""Crowning Of A Heart (Live @ KEXP)""","""…And You Will Know Us By The Trail Of Dead"""
934,"""Other Side""","""Lame Drivers"""
936,"""Plumy Tale""","""Dumbo Gets Mad"""
938,"""Thrashing In The Unknown""","""Milk Music"""
939,"""You should go on""","""Richard There"""
941,"""Get My Fix (Morphamish Mix)""","""Morphamish+ Tekkerz"""
942,"""Santa Leone""","""Pajaro"""
944,"""Hey Grrl""","""Shark """
945,"""Leelo (Part 1)""","""The Ghost Of 29 Megacycles"""
949,"""Favorite Secrets""","""Waylon Thornton"""
952,"""Monday at 12""","""Glass Boy"""
954,"""Bruce Lee (acoustic Jam)""","""Doron Deutsch"""
955,"""Blind Eyes""","""Everlone"""
956,"""Indian Summer""","""end's not near"""
957,"""boss A""","""un automne à Lob-Nor"""
958,"""(Untitled 1)""","""Trailblazer"""
959,"""Indyair""","""springtide"""
960,"""Helix Nebula""","""Anamanaguchi"""
961,"""Union Square""","""James Beaudreau"""
962,"""Rotting Heights""","""Ice Age"""
964,"""Driftin' Around""","""J.Walker & The Crossguards"""
967,"""I Had A Dream""","""Daniel Johnston"""
968,"""Bar Trombone""","""Abe Sada-Black"""
970,"""The Pharaos' Theme""","""Pharaos"""
973,"""Swagg's & Elliot""","""Mount Carmel"""
974,"""Crucial Contact""","""Karl Blau"""
976,"""Merry Christmas""","""Glass Boy"""
977,"""Suck City""","""Black Math"""
978,"""Absolutely Gorgeous""","""krackatoa"""
979,"""Deck the Halls""","""Rue Royale"""
980,"""Tell The Police The Truth""","""Mahjongg"""
981,"""Bottums Up""","""Morphamish"""
983,"""Tripped & Fell In Love (instrumental)""","""YACHT"""
985,"""Zebra (Live @ KEXP)""","""Beach House"""
986,"""Girl""","""Suicide"""
987,"""Hit and Run""","""Jack Ruby"""
988,"""The Pull""","""Bluebrain"""
989,"""piste quatre""","""Vespre"""
990,"""El Tranvía""","""Jenifer Avila"""
991,"""Moving Away""","""Moore & Sons"""
993,"""Stance Gives You Power""","""Hogan Grip"""
994,"""Engine #3 (Morphamish Remix)""","""Morphamish remixes Full Blush"""
995,"""Honte De Toi""","""Benjamin Bret"""
996,"""Fireworks""","""Jahzzar"""
997,"""Monster On Campus""","""Halloween"""
999,"""So Easy""","""Jahzzar"""
1000,""" Single""","""Republic Of Lights-Got You Surrounded """
1001,Weatherman,The Rope River Blues Band
1002,Wolf,Kidney Brothers (The Numbers Band)
1003,My My My,Samm Bennett
1004,Visitor,The Rope River Blues Band
1005,Summer,Brother JT
1006,The Window,Wildbirds and Peacedrums
1007,Doubt/Hope,Wildbirds and Peacedrums
1008,Warm's The New Cool,Brother JT
1009,Please Don't Go,Big Bill Broonzy
1010,Bad Trip,The Relatives
1011,The Eight,Cooper-Moore & Assif Tsahar
1012,Baltimore Raven,Little Howlin' Wolf
1013,Untitled 3,Loren Connors and Bill Orcutt
1014,Down in the Dumps,Nobody's Bizness
1015,Good 'ol Shoe,Patchwork on the Blues
1016,Lost Love,Wildbirds and Peacedrums
1017,Hare,James Beaudreau
1018,Nebula,James Beaudreau
1019,Plum,James Beaudreau
1020,magic magic,Mr. & Mrs. Smith
1021,The Lurker,Steve Gunn
1022,Sirens,Mr. & Mrs. Smith
1023,Paris,Mr. & Mrs. Smith
1024,St James Infirmary,Roger McGuinn
1025,Willie Meehan,Barrence Whitfield and The Savages
1026,with Love,Mr. & Mrs. Smith
1027,Thyme,The New Mystikal Troubadours
1028,Summer's Song,The New Mystikal Troubadours
1029,Big Ole Bear,Little Howlin' Wolf
1030,There Is No Light,Wildbirds and Peacedrums
1031,I,The New Mystikal Troubadours
1032,Bury the Dead,The Agrarians
1033,Copenhagen,The New Mystikal Troubadours
1034,Farewell Song,The Agrarians
1035,A Little Soul,The KrestArians
1036,Merry Gentlemen,The KrestArians
1037,Many Many,Fit and the Conniptions
1038,Spider Song,Fit and the Conniptions
1039,Spellbound,Fit and the Conniptions
1040,Storm's Over,Fit and the Conniptions
1041,You Can't Lose,Fit and the Conniptions
1042,Virginia,Jeremy Wallace
1043,Bracken Bed,Malty Media
1044,Thinking Of You,Cantonement Jazz Band
1045,Russian Dance,Yair Yona
1046,Someday Soon,Joe Marson and The Satisfied Mind
1047,Blues For Brownie,Colin Shaddick & Roger Nicholls
1048,Escape,Break The Bans
1049,Hey Girl,Break The Bans
1050,Amsterdam,Guitar Lightnin Lee and His Thunder Band
1051,return,The Re-Stoned
1052,jam,The Re-Stoned
1053,Breathe,Sound Of Ground
1054,Lover,Break The Bans
1055,Sexy Lady,Break The Bans
1056,Frozen Souls,Navel
1057,Shelter Between Sky and Ground,Sound Of Ground
1058,Camino Infinito,Sound Of Ground
1059,Green Turning Light,Sound Of Ground
1060,Gay Bar,Break The Bans
1061,Bodacious,mojo monkeys
1062,Fever,Zombie Prom Queen
1063,sleeping world,The Re-Stoned
1064,Love Machine,Beans & Bullets
1065,mountain giant,The Re-Stoned
1066,Life After Sundown,Glass Candy
1067,Tender,BJ Block & Dawn Pemberton
1068,Without You,BJ Block & Dawn Pemberton
1069,Hurt,Glass Candy
1070,The Chameleon,Glass Candy
1071,Jellyfish,The Discoghosts
1072,Monsterdance (feat. Hasi International™),The Discoghosts
1073,Sunshine,Dr Freebs
1074,For The Ladies (feat. Hasi International™),The Discoghosts
1075,Balla!,Tracky Birthday
1076,Straight But Gayish,The Discoghosts
1077,Happy Joy,The Discoghosts
1078,Eöööhh! (with The Discoghosts),Tracky Birthday
1079,Goin' Down to the Bus Stop,T Bird
1080,Newish Disco,Tracky Birthday
1081,Kill The Messenger,Karl Blau
1082,Sugar &amp; Whitebread (instrumental),Glass Candy
1083,Sugar &amp; Whitebread,Glass Candy
1084,something,airtone
1085,Good,Podington Bear
1086,Work the Middle,Andrea
1087,drugs and Russian girls,Nambavan
1088,Five Nine Seven Eight,Virt
1089,Ignition,Bomb Boy
1090,drugs and Russian girls,Nambavan
1091,drugs and Russian girls,Nambavan
1092,drugs and Russian girls,Nambavan
1093,The Day Before,Spiedkiks
1094,Endorphemeral,Zabutom
1095,Ripple Boogie,Simon Stålenhag
1096,Pendulum II,hizmi
1097,Oskari the Heimfanker,Madbrain
1098,V.S.O.P.M.,Shogun
1099,Victory,Smoked Meat Fax Machine
1100,Slums of Heaven,Smoked Meat Fax Machine
1101,Part 1,The Vainglories
1102,Smile,Kosta T
1103,Colorado,Podington Bear
1104,FOR YOU,Jared C. Balogh
1105,Second,The New York Underground Orchestra (Conducted By Assif Tsahar)
1106,Third,The New York Underground Orchestra (Conducted By Assif Tsahar)
1107,Solitude,Assif Tsahar's Project Solitude
1108,Cantique de Jean Racine (Gabriel Fauré),Les Petits Chanteurs de Montigny
1109,Kyoto,Nest
1110,Heroines,Diablo Swing Orchestra
1111,Old New World,No Regrets For Our Youth
1112,Steady,No Regrets For Our Youth
1113,Dance,No Regrets For Our Youth
1114,Marefjellet,Nest
1115,Amen,The Tudor Consort
1116,If,Peter Rudenko
1117,Part 3,The Vainglories
1118,Lodge,Nest
1119,Waiting,Peter Rudenko
1120,Cad Goddeu,Nest
1121,Charlotte,Nest
1122,O Little Town Of Bethlehem,IKOS David Clifton with the choirs of Peterborough Cathedral
1123,ROSE,Jared C. Balogh
1124,Part 1,David Borden
1125,MAY,Jared C. Balogh
1126,Trace,No Regrets For Our Youth
1127,Love Is,Assif Tsahar's Project Solitude
1128,Dreams,Lee Maddeford
1129,In The Bleak Mid~Winter,IKOS David Clifton with the choirs of Peterborough Cathedral
1130,Part 2,The Vainglories
1131,Kyrie Eleison,The Tudor Consort
1132,Benedictus,The Tudor Consort
1133,Lontana,Fabrizio Paterlini
1134,Fantasy,Podington Bear
1135,Ever,Podington Bear
1136,May,Marcel Pequel
1137,Learn,Steven Arntson
1138,FIN,Jared C. Balogh
1139,Aria,Kimiko Ishizaka
1140,Part 9,David Borden
1141,TEAR,Jared C. Balogh
1142,February,Marcel Pequel
1143,Trip,Lee Maddeford and  Roland Vouilloz
1144,BWV 598: Pedal-Exercitium,James Kibbie
1145,Sanctus,The Tudor Consort
1146,Duet for Violin and Piano,Muhal Richard Abrams
1147,Valentina,Lanark
1148,El transcurrir de las horas,Bosques de mi Mente
1149,Viandanze,Fabrizio Paterlini
1150,Profondo Blu,Fabrizio Paterlini
1151,O Fortuna,Dr. Phibes and The Ten Plagues of Egypt
1152,Finale,Lee Maddeford
1153,The Fall,Peter Rudenko
1154,Mome,Lee Maddeford
1155,for String Quartet,Andrew Christopher Smith
1156,Tleilaxuburg5 Movement V,The Tleilaxu Music Machine
1157,Tleilaxuburg5 Movement IV,The Tleilaxu Music Machine
1158,Tleilaxuburg5 Movement III,The Tleilaxu Music Machine
1159,Tleilaxuburg5 Movement II,The Tleilaxu Music Machine
1160,Tleilaxuburg5 Movement I,The Tleilaxu Music Machine
1161,Impression,Kosta T
1162,Screen,Ventolyn & Becotyde
1163,For Unto Us A Child Is Born,IKOS David Clifton with the choirs of Peterborough Cathedral
1164,January,Marcel Pequel
1165,posture,Ventolyn & Becotyde
1166,Open Door,E. R. Goodman
1167,March,Marcel Pequel
1168,piano,Corey Cerovsek
1169,Chopin Bee,Lanark
1170,other child room,Evgeny Grinko
1171,Crow,Podington Bear
1172,Morning,E. R. Goodman
1173,Dream Time,John Moran
1174,Thinking Different Doing Same vs. Doing Different Thinking Same,No Regrets For Our Youth
1175,Coincidence,Mandy Mozart Feat. Jiin Ko
1176,Bethlehem Down,IKOS David Clifton with the choirs of Peterborough Cathedral
1177,Away In A Manger,IKOS David Clifton with the choirs of Peterborough Cathedral
1178,piano,Nicola Benedetti
1179,28359840921=42,Evgeny Grinko
1180,La rencontre,Circus Marcus
1181,Black Man,Lee Maddeford and  Roland Vouilloz
1182,Inside,Textile Audio
1183,BWV 591: Little Harmonic Labyrinth,James Kibbie
1184,Two,Marcel Pequel
1185,BWV 590: Pastorale in F Major - 4. [Gigue,James Kibbie
1186,How The Soul Has Arrived At Understanding Of Her Nothingness,Jozef van Wissem
1187,Cable,Ventolyn & Becotyde
1188,Les accouplements répétitifs,Circus Marcus
1189,La tragédie de la femme a poils,Circus Marcus
1190,La chambre,Circus Marcus
1191,Sunset,Podington Bear
1192,Driving,E. R. Goodman
1193,Always Greener,E. R. Goodman
1194,Nothing,E. R. Goodman
1195,Sailing,Lee Maddeford and  Roland Vouilloz
1196,Free Me,Lee Maddeford and  Roland Vouilloz
1197,New Life,Kosta T
1198,Miroirs II Oiseaux Tristes,Felipe Sarro
1199,Punishment,Textile Audio
1200,BWV 590: Pastorale in F Major - 3. [Aria,James Kibbie
1201,Flowers,Shannon And The Clams
1202,Friends,The Black Swans
1203,Charlotte,The 'Mericans
1204,One I Love,The Volebeats
1205,Bad News,The Pine Valley Cosmonauts - Alejandro Escovedo &amp; Jon Langford With Dave Alvin
1206,One Big Holiday,My Morning Jacket
1207,The swimming pool,LE CLUB DES CHATS
1208,Hallelujah,Factories and Alleyways
1209,Cold Rain,Matt Valentine & Erika Elder
1210,Temporary Loan,Edith Frost
1211,Rosalie,Alejandro Escovedo
1212,One More Time,Alejandro Escovedo
1213,Walk on the Fire,Edith Frost
1214,Nothin' But Nothin',Rex Hobart &amp; the Misery Boys
1215,We Plant Trees,The Cracker Cats
1216,More Man,The Meat Purveyors
1217,Wonder Wonder,Edith Frost
1218,Off The Trail,The 'Mericans
1219,Pony Song,Edith Frost
1220,Who,Edith Frost
1221,Hanged Man,The Meat Purveyors
1222,The Burden,Matt Valentine & Erika Elder
1223,California,Golden Boys
1224,Morgenstern,Boris & Olivier
1225,Earth,Two Prong
1226,East Mountain Joint,Matt Valentine & Erika Elder
1227,Trouble,Jimmy Cousins
1228,Little Dog's Day,Glenn Jones
1229,Circus Clown,The Meat Purveyors
1230,One More Night,Mild Winter
1231,Moment,Jimmy Cousins
1232,Muleskinner,The Meat Purveyors
1233,I Was Drunk,Alejandro Escovedo
1234,Almost,Stray Dogg
1235,Red Red,Megan Jean and the Klay Family Band
1236,Hope Is A Thing With Feathers,Trailer Bride
1237,Soul,Stray Dogg
1238,Landlord,Oakley Hall
1239,Pinetree Boogie,Th' Legendary Shack Shakers
1240,Broken Bottle,Alejandro Escovedo
1241,Break,Stray Dogg
1242,Alabama Chicken,Sean Hayes
1243,Hung Over,The Crevulators
1244,Country Love,Benji Hughes
1245,Look On Your Face,The Meat Purveyors
1246,Babe,Lee Maddeford
1247,Bottle,Jimmy Cousins
1248,Prayer,Mild Winter
1249,Light of My Love,Oakley Hall
1250,Karpuzkafa 777,Hayvanlar Alemi
1251,I'm going home,Lee Maddeford
1252,O Cérebro do Morto,Dr. Frankenstein
1253,Our Mother The Mountain,Navel
1254,Help Me From My Brain,Th' Legendary Shack Shakers
1255,Don't Go,Stray Dogg
1256,Life Is Now,Factories and Alleyways
1257,Four,Waylon Thornton
1258,Louie,Shannon And The Clams
1259,Prisoner,Monk Turner + Fascinoma
1260,Anything You Want,The Crevulators
1261,Joe Tex,The Black Swans
1262,Skinny White Girl,Trailer Bride
1263,Homicide,The Pine Valley Cosmonauts - Skid Marks With Sally Timms
1264,Where The Comet Falls,Al Duvall
1265,Smoke Alarm,Carsie Blanton
1266,Ladies,Jimmy Cousins
1267,The Picket Line,Uke Stanza
1268,A Geranium for Mano-A-Mano,Glenn Jones
1269,The Hangman's Song,Pine Valley Cosmonauts W/ Puerto Muerto
1270,Intro,Voodoo Puppets
1271,Disappear,Stray Dogg
1272,Six,Waylon Thornton
1273,Blues,Colin Langenus
1274,Es un crimen,Robo
1275,New Love,Wooden Ambulance
1276,Storm,Noise Problems Selections
1277,Honest Truth,Carsie Blanton
1278,All We Got,Carsie Blanton
1279,Monkey Tongue,The Moaners
1280,Idiot Heart,Carsie Blanton
1281,PARTING GLASS,Jason Shaw
1282,Nothing to Say,Colin L. Orchestra
1283,Stream,Two Prong
1284,I can't help myself,Boris & Olivier
1285,Free Association,These Hills of Gold
1286,Mason/Dixon,The 'Mericans
1287,We Plant Trees,Alice Rose
1288,We Plant Trees,Bill Crosson
1289,Fahey's Car,Glenn Jones
1290,you got a broken heart,Dallas Kincaid
1291,The Lark in the Clear Air,Shake That Little Foot
1292,Itchin' For You,Trailer Bride
1293,Too Many Snakes,Trailer Bride
1294,Pasture,Trailer Bride
1295,18 Wheels,Moonshine Willy
1296,Everybody Loves Me,Alejandro Escovedo
1297,Bury Me In Shellac,Al Duvall
1298,Don't Wipe Your Face With Your Shirt,The Cornell Hurd Band
1299,As They Are Blown Here And There,Protestant Work Ethic
1300,Five Against One,Al Duvall
1301,Blow,Jupiter Makes Me Scream
1302,Picture,Jupiter Makes Me Scream
1303,Feel Right,The Courier
1304,Control,Control Alt Deus
1305,Alone,The S.K.
1306,The Cave,Band of Mad Women
1307,Maybe!,Source Of Yellow
1308,Take Me Away,Just Plain Ant
1309,Yeah,Mizuki's Last Chance
1310,From Stardust to Sentience,High Places
1311,Lullaby,The Womb
1312,Overture,The Womb
1313,Shine,The Hunters
1314,Disco Suicide,The Womb
1315,Follow the Leader,Tab & Anitek
1316,Dreams,Tab & Anitek
1317,Black Love,The Easton Ellises
1318,Lost,Mr. Bitterness and the Guilty Pleasures
1319,Jammin,The Kandis Project
1320,Macabre,Zombectro & JDDJ3J
1321,alphaville,happiness in aeroplanes
1322,(part 3),Pink Skull
1323,Lost,Pogo
1324,Sky Eyes,The Carrier Wave
1325,Cold,The Munitionettes
1326,Come to me,Peter Sharp
1327,Lucky,All India Radio
1328,Long,Monokle & Galun
1329,Means,Monokle & Galun
1330,The King,I.D. & Baobinga
1331,Woof Woof,Dan Deacon
1332,Wasteland,Illusion of Safety
1333,Dream Baby Dream,Suicide
1334,Eyes,I Have Clones
1335,9 Ghosts I,Nine Inch Nails
1336,Sorry,The VME
1337,Intro,Je deviens dj en 3 jours
1338,Diego,Tom Woxom
1339,Sting Operation,Anamanaguchi
1340,Sad Robot,Pornophonique
1341,The World And You,Maps And Diagrams
1342,Insomnia,The Easton Ellises
1343,I am a Drone,krackatoa
1344,Brie,jonas the plugexpert
1345,Rain,BrandyAlexanderProject + Laps
1346,Night Dance,Nameless Dancers
1347,Pont,Marc de Blanchard
1348,Jetpack Blues Sunset Hues,Anamanaguchi
1349,V,Björn & Gorden
1350,This Girl,Jupiter Makes Me Scream
1351,Hexadecimal Genome,Bit Shifter
1352,The Simple Life,The Model
1353,Goldengate honey,krackatoa
1354,From Cover To Cover,julien neto
1355,Metronome,The Kirbi
1356,Afrika,Etiket Zerø feat. MC B.Wayne
1357,The Nosebleed,Ant The Symbol
1358,Sister Saviour (Blackstrobe Remix),The Rapture
1359,Horror House,Out Of Orion (Ox3)
1360,Air,Tab & Anitek
1361,birds,un automne à Lob-Nor
1362,7 Ghosts I,Nine Inch Nails
1363,Love Comes Close,Cold Cave
1364,END,Blue Stork
1365,Particle Charge,Bit Shifter
1366,Glitches,The Easton Ellises
1367,Reformat The Planet,Bit Shifter
1368,Be Sweet,The Kandis Project
1369,Activation Theme,Bit Shifter
1370,Wataridori 2,Cornelius
1371,Of the Mountains,Dan Deacon
1372,Nocturne,DJ Spooky
1373,magical shower outrun,pink
1374,white noise,happiness in aeroplanes
1375,Water Song,Band of Mad Women
1376,Speedracer,krackatoa
1377,Blood Moon Rising,krackatoa
1378,III,Björn & Gorden
1379,Look up to the Sky,krackatoa
1380,untitled,un automne à Lob-Nor
1381,Out Of Season,Wisp
1382,waiting,epsilon not
1383,Blindness Bats,khonnor
1384,Screaming Bulb (10'3'23),Sabi
1385,Red Dust,I.D. & Baobinga
1386,Graduation Day,Math and Physics Club
1387,Chase Init_,Bit Shifter
1388,Power Supply,Anamanaguchi
1389,Indiana,Guitar Wizards of the Future
1390,Sweet Shop,Doctor P
1391,Ugly Weather,Azoora feat. graciellita
1392,Airbase,Anamanaguchi
1393,DC 3000,Thievery Corporation
1394,blue,Jesse Futerman
1395,Laurensong,The Womb
1396,Panic Attack,The Courier
1397,Wet,Sabi
1398,Process of Macrocosmic Emaciation,Norrin Radd
1399,Glob Story,kilowatts
1400,Four Lights,Norrin Radd
1401,The End,Mars Payne
1402,The Little Drummer Boy,Harry the Cap
1403,Go,Josh Woodward
1404,sleep,Art of Flying
1405,air,Art of Flying
1406,garden of earthly delights,Art of Flying
1407,No Rest,The Wingdale Community Singers
1408,Whatever,The Subhuman
1409,Of Love,Johnny Favourite and the Exs
1410,Empty Streets,Suspicious for the Winter
1411,Do Wanna,Roach Davies And The Fleas
1412,Old Mine,Roach Davies And The Fleas
1413,Navigator,Roach Davies And The Fleas
1414,Wonder,Bad Night Moon Shadow
1415,Sunday,Misay Day
1416,Instrumental,Howie Mitchell & Charlotte Williams
1417,Greensleeves,Howie Mitchell & Charlotte Williams
1418,the kingdom,Trinity the Band of Pan
1419,descend,Trinity the Band of Pan
1420,On the Other Side,The Dove and The Wolf
1421,Medley,Howie & Ann Mitchell
1422,On the Other Side,The Dove & The Wolf
1423,Begin,The Peach Tree
1424,A Star,The Peach Tree
1425,The Promise,The Peach Tree
1426,L.A.,The Nighttime Adventure Society
1427,Big mess,Delphine Dora & The Unexpected
1428,A River,Entertainment for the Braindead
1429,the absence,Delphine Dora & The Unexpected
1430,Waltz,Delphine Dora & The Unexpected
1431,Let Me Go,The Chapin Sisters
1432,Seventeen,The Peach Tree
1433,Side A,Collection of the Late Howell Bend
1434,Don't Love You,The Chapin Sisters
1435,Hold On,The Peach Tree
1436,Hurt,Inch Chua
1437,Misery,The Simple Carnival
1438,Really Really,My Bubba & Mi
1439,Gone,My Bubba & Mi
1440,Head,Rocketship Park
1441,Easy,Ben Mason
1442,Winter.,Entertainment for the Braindead
1443,Afternoon.,Entertainment for the Braindead
1444,Cocoon.,Entertainment for the Braindead
1445,Home.,Entertainment for the Braindead
1446,Sleep.,Entertainment for the Braindead
1447,In Your Eyes,The Wispy Hummers
1448,My Love,The Wispy Hummers
1449,Man,Srch Party
1450,PS,Clare and The Reasons
1451,The Lake,Clare and The Reasons
1452,#6,The LibraryAnns
1453,Stella,Mark Humble & Dave Foster
1454,#5,The LibraryAnns
1455,Pain,Not From This World
1456,We,Not From This World
1457,Money,Falcao and Monashee
1458,Heaven,Falcao and Monashee
1459,Sons And Daughters,Live at WFMU on Gaylord Fields' Show on September 25
1460,Shout Out,The Twin Atlas
1461,Roll On,The Twin Atlas
1462,Fall Away,The Twin Atlas
1463,Clouds,Spires That in the Sunset Rise
1464,Looking At The World From The Bottom Of A Well,Mike Doughty
1465,Pirates,Jack and the Pulpits
1466,Give It To You,The Wyld Olde Souls
1467,Love,Bakers At Dawn
1468,Hands,Learning Music
1469,Siren,The Family Simpson
1470,Soup,The Family Simpson
1471,Martha,Andrew Vincent And The Pirates
1472,Re: Your Brains,Jonathan Coulton
1473,I Feel Fantastic,Jonathan Coulton
1474,Code Monkey,Jonathan Coulton
1475,The shining sun,The Subhuman
1476,Vietnam,The Subhuman
1477,Gone,Kelly Hogan &amp; The Pine Valley Cosmonauts
1478,All One,The Snow
1479,Fools Gold,The Snow
1480,Kisses,The Shivers
1481,Reptile,The Snow
1482,Ohio,Alec K. Redfearn & the Eyesores
1483,The River,The Dutchess And The Duke
1484,Hands,The Dutchess And The Duke
1485,Highway,Uke of Spaces Corners
1486,Forever,The Bowmans
1487,Home,Welcome Wizard
1488,Out of Time,The Dutchess And The Duke
1489,Rock and Roll Girl,John Wicks and Paul Collins
1490,Seasons,Twi the Humble Feather
1491,Rise,Alec K Redfearn & the Seizures
1492,Couldn't,Father Sleep
1493,Apart,Not From This World
1494,Sunshine,Cath and Phil Tyler
1495,Maybe,The Wyld Olde Souls
1496,Washington,The Nighttime Adventure Society
1497,Random Rules,Silver Jews
1498,Pony,Silver Jews
1499,California,Falcao and Monashee
1500,lies,Art of Flying
1501,Love,Shadow Priest
1502,Shine,Ain't No Love
1503,Placebo,Tab & Anitek
1504,Enemy,The Impossebulls
1505,Pigs,Black Dice
1506,When She Looked At Me (I Saw Her Wondering),niwa
1507,in,Broke n phono
1508,Les,Apes on Tapes
1509,that way,epsilon not
1510,Higher,The Honorable Sleaze
1511,Good Time,The NSJ Crew
1512,Haunted,The NSJ Crew
1513,The Nellie,The NSJ Crew
1514,Herb,The Hate Noise
1515,Culture for Dollars,Dälek
1516,Crazy,Blank & Kytt
1517,A Year,Broke For Free
1518,Strip,The House Arts
1519,Stereo,The Hate Noise
1520,The Last One,The Honorable Sleaze
1521,Too Much,The Honorable Sleaze
1522,Intro,The Honorable Sleaze
1523,Lovin',The Honorable Sleaze
1524,One Fine Day,The Insider
1525,Right,The Insider
1526,The Great,Broke For Free
1527,B.,Black Ant
1528,Who Knows,Deal The Villain
1529,The World,Height With Friends
1530,Want You,Deal The Villain
1531,Sweet,Deal The Villain
1532,Judas,Deal The Villain
1533,Hey,The Custodian of Records
1534,Love Lost,The Good People
1535,Star,Jay Slim
1536,much much love,The Years
1537,Lover's Rock,The Years
1538,Rain,Bilal Bashir &amp; Divine Styler
1539,Sleep.,Black Ant
1540,Vibration,The Insider
1541,If,Broke For Free
1542,Nola,Broke For Free
1543,The Hunt,Comfort Fit
1544,Rock On,Luck & Ripps
1545,Future Music,It's Notherground Music!!
1546,Planetary Picknick,Comfort Fit
1547,Todo,Ache de noche
1548,Emotional Draft,Comfort Fit
1549,Bird,James Pants
1550,Ghosts pt. 2,Shlohmo
1551,Hairy Crushed Nuts,Comfort Fit
1552,Easy Ride,The Hate Noise
1553,Primavera,Os Trasnos De Moscoso
1554,Relaxation Spa Treatment,Dan the Automator
1555,Back To The Sea,Adam & Alma
1556,Sam,Mr Ascofi
1557,Loco,El Klan de los DeDeTe
1558,Ever Somber,Dälek
1559,Miles of Smiles,Comfort Fit
1560,Interlude,jonas the plugexpert
1561,Let's Do It,It's Notherground Music!!
1562,Bow Down,The Hate Noise
1563,Neptune,Om Unit
1564,Websiiite (with Dragan Espenschied),Tracky Birthday
1565,Life's A Beach,The Professional Savage
1566,Nickles And Dimes,T Bird
1567,Over,K. Sparks
1568,Bicycle,The Hate Noise
1569,Water Lily,Moa Pillar
1570,Disclosure,Tab & Anitek
1571,Science Fiction,Double Helix (Morphamish & Texture)
1572,Top Of The World,Kris Anderson - Studio 11
1573,Le Mort Du Petit Prince,Bram Nelson
1574,City Harmony,Bram Nelson
1575,Mirage,Tab & Anitek
1576,Humphrey,C. Scott
1577,Drifter,Tab & Anitek
1578,Crazy,Blank & Kytt
1579,Qui,Alaclair Ensemble
1580,Floating,John Ming
1581,Now Get Busy,Beastie Boys
1582,I Rise,Syndrôm & Kendall WA
1583,Something Old,Broke For Free
1584,Intro,Questionmark Embargo
1585,You to Me,Steve Anderson
1586,Elephants,Food For Animals
1587,Vote,Save Slaves
1588,Power Of The Mind,Slugabed
1589,My dub is taiwan (remix KouChouChing),Volfoniq
1590,You're a Customer,EPMD
1591,NEW 9.0,She Has A Cold
1592,Ready Remix,ILLUS and DJ Johnny Juice
1593,Los Angeles,No Color
1594,Cinema,Tha Silent Partner
1595,I Are,The Years
1596,Paradise,Invisible Inc
1597,Dream,Fanatic
1598,Asylum (Permanent Underclass),Dälek
1599,Tarnished,Dälek
1600,Crazy,Blank & Kytt
1601,Eastern View,Audiotoolz
1602,Peregum,Axial
1603,Filha da Palavra,Axial
1604,Tamanquero,Axial
1605,Papaloko,Axial
1606,Allhou,Salam
1607,Bitter Heart,Zee Avi
1608,Poetic Pitbull Revolutions,Diablo Swing Orchestra
1609,Balrog Boogie,Diablo Swing Orchestra
1610,Iemanja,Axial
1611,Gunpowder Chant,Diablo Swing Orchestra
1612,D'angelo,Diablo Swing Orchestra
1613,Rag Doll Physics,Diablo Swing Orchestra
1614,Oslodum,Gilberto Gil
1615,Adelaide,Mombojo
1616,Faaca,Mombojo
1617,Advanced Japanese Folk,Audiotoolz
1618,Nem Parece,Mombojo
1619,O Ceu,Mombojo
1620,Bahar Patlatan,Hayvanlar Alemi
1621,death and a drunken monkey,The Freak Fandango Orchestra
1622,death and a drunken monkey,The Freak Fandango Orchestra
1623,My Way,Beatstar
1624,Hungarian Fightclub,Wrekkerz vs Audiotoolz
1625,Bubuia,Ceu
1626,Aboriginal Soundsystem (Triad remix),Freestep
1627,Demonio,Oso El Roto
1628,Mariposas,Yva Las Vegass
1629,death and a drunken monkey,The Freak Fandango Orchestra
1630,Guarana Superpower,Hayvanlar Alemi
1631,L'Anchoïade,Bo Marley + Disrupt + Volfoniq
1632,Soleil nocturne,Au fond du car
1633,Bamako,Vialka
1634,Felix Is My Friend,Pattern Industries
1635,Amar en el campo,Teleradio Donoso
1636,A little khoomei Song,Arjopa
1637,Pictures of Trees,Inlets
1638,La Tapenade,Bo Marley + Disrupt + Volfoniq
1639,La Brandade,Bo Marley + Disrupt + Volfoniq
1640,Jelena,Paniks
1641,Mortal,Trabajo
1642,Udan Mas,Trabajo
1643,El norte,El bien
1644,Prefab City Dub (Edit),The Prefab Messiahs
1645,Sensi Addict,Mikey Murka
1646,Dó,Azevedo Silva
1647,Hitmans Lovesong feat. Paola Graziano,The Freak Fandango Orchestra
1648,LLAVES,Selva de Mar
1649,MEGA Lambada,Hayvanlar Alemi
1650,Swinging London 1966,Lucas Perný a Miloslav Kollár
1651,Village Mentality,Vialka
1652,Late as Usual,The Freak Fandango Orchestra
1653,No Porno Please,Superbus
1654,Advanced Japanese folk (Djet remix),Audiotoolz
1655,Drifting,Midival Punditz
1656,Tara,Salam
1657,Güve Diskosu,Hayvanlar Alemi
1658,Mina,Sound: The Encounter
1659,The Myth,Trabajo
1660,Persistance,Caballo & the Mothafu Kings
1661,Boubek,Ben Et Béné
1662,Husľový kľúč,Lucas Perný a Miloslav Kollár
1663,Sunfed Shapes,Inlets
1664,Drogue,Salam
1665,Astral Gate,Lucas Perný a Miloslav Kollár
1666,Porto Largo,Alexandre Bateiras
1667,Devojka,Paniks
1668,Sida,Sida
1669,Jah Love,The Anchoras
1670,Stop That Mission,Mastermind XS
1671,You Are an Effigy,Inlets
1672,Roots on Sidewalks,Inlets
1673,The Man Who Sold His Beard,A Hawk and a Hacksaw
1674,Lelê,Chico Correa and Electronic Band
1675,Thessaloniki,Vialka
1676,Memories Of A Machine,Mastermind XS
1677,Sunny Day,Mastermind XS
1678,Tiger Phone Card,Dengue Fever
1679,The Hole,Alec K Redfearn & the Seizures
1680,Las Miradas de Magaly,Los Amparito
1681,Sarira Bride,Damscray
1682,Mavi Sepet,Hayvanlar Alemi
1683,Canção da Ribeira,Alexandre Bateiras
1684,Canção de Alvito,Alexandre Bateiras
1685,Not Free But Not Afraid,Mastermind XS
1686,Los papeles,Oso El Roto
1687,International Calling,Normaa
1688,Dancing Tiger,Damscray
1689,Pxlcoucou,Xerak
1690,Crossroad Metamorphosis,Hayvanlar Alemi
1691,Rugas,Azevedo Silva
1692,Abutres,Azevedo Silva
1693,Era Uma Vez,Azevedo Silva
1694,Only The Wrong Survive,Vialka
1695,Village Mentality Part Two,Vialka
1696,Naves que dan vueltas a un balon,Prin' La Lá
1697,See Her,Inlets
1698,come here,Ofir Klemperer
1699,Rural Metric Seven,Damscray
1700,Your Rainbow Colour Changer,Damscray
1701,JAM,Assif Tsahar
1702,JAM,Assif Tsahar
1703,“The Oppo­site of Paul Desmond”),The Chris Kelsey 4
1704,Soak up the Sun,Jason Ajemian & The Highlife
1705,Monsters,Jason Ajemian & The Highlife
1706,Voodoo,Voodoo Suite
1707,The Crow,Sandro Marinoni & Stefano Roncarolo
1708,The News,The Watery Graves of Portland
1709,_F,Seth Paynter and Kevin Patton
1710,And On,Bob James Trio
1711,Echo,Somewhere Off Jazz Street
1712,Air,Sandro Marinoni & Stefano Roncarolo
1713,The Silence,Glows in the Dark
1714,Smile For Me,Adam & Alma
1715,We think we know it all,krackatoa
1716,Shark on the Lot,krackatoa
1717,Xangô,Terrero De Jesus
1718,The Snow That Never Falls Down,Nheap
1719,Crossings,Nheap
1720,Welcome To The Party,Har-You Percussion Group
1721,Sands,Nheap
1722,Evening,Martin Lowack
1723,Daily Improvisation,Nheap
1724,#3,Learning Music
1725,Caravan,Jazz at Mladost Club
1726,Dawn,Somewhere Off Jazz Street
1727,deals,Assif Tsahar
1728,Teleopsis belzebuth,Zloty Dawai
1729,Rides,Nheap
1730,Nebulous Notions,Revolution Void
1731,Mirage,Stefano Roncarolo & Sandro Marinoni
1732,Paradise,Bliss Blood & Al Street
1733,Vogelperspektive,Trio Metrik
1734,Factum par Fictio,Revolution Void
1735,Sleepy,Mentz
1736,Tumble,Mentz
1737,Hydrofugarious spasm,Zloty Dawai
1738,Adsurb Peotry,Zloty Dawai
1739,Squid in the mouth,Zloty Dawai
1740,I,Neuroleptic Trio
1741,Point of no return,Stefano Roncarolo & Sandro Marinoni
1742,Intro,Quantum Jazz
1743,Blue Drag,The Swing Ninjas
1744,First Loser,The New Mellow Edwards
1745,The Misfit Song,ProleteR
1746,Ogum,Terrero De Jesus
1747,Lhasa,Stefano Roncarolo & Sandro Marinoni
1748,Fearless little John,Bacco Baccanels
1749,Empingue,Gepel
1750,Accelerated Lifestyle,Revolution Void
1751,Improv,Steve MacKay and the Blue Prostitutes
1752,City Lights at Night,Revolution Void
1753,I,Miro
1754,Fly,Somewhere Off Jazz Street
1755,Weekend Amnesia,Revolution Void
1756,Sad Song,Sandro Marinoni & Stefano Roncarolo with Roberto Padovan
1757,Bäume in freier Wildbahn,Trio Metrik
1758,Copacabana Palace Hotel,Calypso
1759,Oxum,Terrero De Jesus
1760,Shackles,Mentz
1761,Big Leg Woman,Scott Kettner's Brazilian Brass Band
1762,Trying Jazz,Pablie
1763,Night Song,Mike Link &amp; Harvey Taylor
1764,Duende,Jaap Blonk & Splinks
1765,Karussell,Taiga Blues
1766,Meditation,Stefano Roncarolo & Sandro Marinoni
1767,Merope,Kreng
1768,Ghost,Somewhere Off Jazz Street
1769,All the things,M.A.G. Trio
1770,Come Sunday,Assif Tsahar & Tatsuya Nakatani
1771,Steve Reich,Plaistow
1772,Attimi,Oprachina
1773,Aki's Apple,Plaistow
1774,Mi fa,Bacco Baccanels
1775,Mother Matrix Most Mysterious,Jonah Dempcy
1776,Upsurge,Jonah Dempcy
1777,Myriad Ways,Jonah Dempcy
1778,Lumen Arcanum,Jonah Dempcy
1779,Azurescent,Jonah Dempcy
1780,Song for Lisa,Stefano Roncarolo & Sandro Marinoni
1781,Composing after playing part 3,Gitarrenarmee
1782,Edentrip,Interkosmos
1783,Dusk,Somewhere Off Jazz Street
1784,Spain,M.A.G. Trio
1785,Reisefenster,Trio Metrik
1786,Through Fields,Schizoïd Bass
1787,Ta vieja y ya no sale,Gepel
1788,Set the Fire,Jooklo Duo with C. Spencer Yeh
1789,Ventus Solaris,Revolution Void
1790,2,julia a. miller
1791,Porta D'Arce,Oprachina
1792,Jingle Jazz,Quantum Jazz
1793,Drop of whisper (2005),Antony Raijekov
1794,Deep blue (2005),Antony Raijekov
1795,Sequel Ex,Tim Berne
1796,Sofawende,Necronomikon Quartett
1797,The High Priestess,Goat
1798,The Universe & Everything,Pavel Tukki
1799,EXIT 65 (2005),Antony Raijekov
1800,Hymne,Jaap Blonk & Splinks
1801,Sunday,Fire To The Stars
1802,Graves,The Color and Sound
1803,Everything,The Spectacular Fantastic
1804,California,The Spectacular Fantastic
1805,In the mood,The Spectacular Fantastic
1806,Out of time,The Spectacular Fantastic
1807,This old heart,The Spectacular Fantastic
1808,Emma,The Attraction
1809,Dog,Zola Jesus
1810,Don't Give Up,The Fresh & Onlys
1811,Low,Silence Is Sexy
1812,Talk,Silence Is Sexy
1813,Sex Club,The Womb
1814,Going to Hell,Huge Face
1815,Hey Hey Hey Hey Hey,The Womb
1816,In,Podington Bear
1817,No Life,No Monster Club
1818,Goodbye,The Scallions
1819,2,The Scallions
1820,Gladys,The Scallions
1821,Falling,I Am Not Lefthanded
1822,Ennio,Silence Is Sexy
1823,Hey Joe,The Dick Burrills
1824,Torre,The Womb
1825,U,The Womb
1826,The Crawl,The Womb
1827,Just Friends,Rackets Vs. VED
1828,Natalie,The Sand Pebbles
1829,NATCH 2,Dave Shuford
1830,To You,Black Math
1831,Fly,The Kyoto Connection
1832,Heaven,Mother Of Pearl
1833,Over and Over,Eros and the Eschaton
1834,Spaceman,The Moot
1835,Infinity,The Keith Walsh Experience
1836,Lotion,Greenskeepers
1837,Sunshine,The Hathaway Family Plot
1838,Homecoming,The Lost Patrol
1839,Play With Fire,The Lost Patrol
1840,Naked,Adam & Alma
1841,Things,Adam & Alma
1842,The frog,The New Drum
1843,Electricity,The New Drum
1844,Apartment,The Baskervilles
1845,Feel It,The Pop Winds
1846,Flowers,Silence is full of birds
1847,Drown,Charles Ray Experience
1848,Lost At Sea,The Lost Patrol
1849,A Little More Time,The Baskervilles
1850,Lately (Deuxième),Memoryhouse
1851,Cockatoos,The Universal Thump
1852,Maybe,Friends or Whatever
1853,Jungle,The Suzan
1854,Fools,The Pop Winds
1855,Hello,The Laureates
1856,The Crystal Cat,Dan Deacon
1857,Little Sister,The Pop Winds
1858,The Sun,The Pop Winds
1859,Want Me,Ariel Pink's Haunted Graffiti
1860,Over Me,The Gasoline Brothers
1861,Groove Is In The Heart,Ergo Phizmiz and the Midnight Florists
1862,All you've never felt,Fresh Body Shop
1863,Have It,The Rabbits
1864,Live For Today,The Rabbits
1865,Come,The Suzan
1866,Mirage,The Cannanes
1867,Guilty,The Cannanes
1868,With You,Monk Turner
1869,True Love Will Find You In The End,Daniel Johnston
1870,Take on me,The Kyoto Connection
1871,Take On Me,The Kyoto Connection
1872,I Know,Jay Tholen
1873,To the Lighthouse,Memoryhouse
1874,Dance With Me,The Electric Nature
1875,Tower,The Rabbits
1876,Devils,The Suzan
1877,Black Remix,Talkshow Boy
1878,Home,The Suzan
1879,Overload,The Kolour Kult
1880,Silence,Plastic Flowers
1881,In Harmony,The Pop Winds
1882,Hi,The Paparazzi
1883,LA,Podington Bear
1884,Terminally Chill,Neon Indian
1885,Stay Down,Fire To The Stars
1886,Final Frame,The Scallions
1887,Us,Silence Is Sexy
1888,Flutter,Molloy And His Bike
1889,Sympathy,Silence Is Sexy
1890,Satellite,The Golden Hours
1891,Camp,Podington Bear
1892,One,Void Vision
1893,I Want to Rock,Logan Whitehurst and The Jr. Science Club
1894,It's Only Love,Sally Crewe And the Sudden Moves
1895,Ambulance,Wheels on Fire
1896,Bon,Adam & Alma
1897,Shoot Me Down,The Sea Life
1898,My O My,The Paparazzi
1899,Bees Are Trying To Build Their Nest In You.,Half-handed Cloud
1900,Don't Be Lonely,The Toothaches
1901,Girl,The Zombiecops
1902,dead.,Violins is not the answer
1903,dead.,Violins is not the answer
1904,Way Out,Pk jazz Collective & Alex Fry
1905,sick,Violins is not the answer
1906,in the end,Violins is not the answer
1907,Live And Die,Inside the Mind
1908,Lost,Fred and Toody
1909,Feelings,Inside the Mind
1910,To You,Inside the Mind
1911,You/Trip,Inside the Mind
1912,A Life,The Planes
1913,Paranoia,The Bomb Busters
1914,anthem,the silence industry
1915,Nervous Breakdown,The Monitors
1916,The Station,The Monitors
1917,Let It Rain,Fred and Toody
1918,On,Spirit Duplicator
1919,A Bomb,The Dead Mantra
1920,Rock N Roll,Black Bones
1921,Let Down,No Class
1922,#3,A Banda de Joseph Tourton
1923,Love On The Run,Young Love
1924,Street,Young Love
1925,Lights,You Me Tree
1926,Shake Some Action,Flamin' Groovies
1927,This Is Love,The Party Faithful
1928,Affection,The Gotobeds
1929,Burn,Room For A Ghost
1930,Flower Girl,The Beets
1931,The Devil,The Beets
1932,Cold,Six Star General
1933,Lazarus,The Men
1934,satellite,Riding Alone For Thousands Of Miles
1935,love song,Riding Alone For Thousands Of Miles
1936,lullaby,Riding Alone For Thousands Of Miles
1937,2,The Valleys
1938,Vacation,The Whines
1939,It's Raining,The Whines
1940,Sun,The Dalai Lama Rama Fa Fa Fa
1941,Home,The Koolaid Electric Company
1942,Today,Dan Alfresco & Savage
1943,The Answer,Toy Sugar
1944,I Need Love,Waylon Thornton and the Heavy Hands
1945,Again,The Classic Cluster
1946,Open Eyes,The Asound
1947,Snow White,The Asound
1948,Joan,The Asound
1949,II,Angels in America
1950,I,Angels in America
1951,Nicole,Baby Scream
1952,State Of Mind,The Light Beyond
1953,It's You,Another Day On Earth
1954,Last Dance,The Raveonettes
1955,Hammer,The Woolen Men
1956,Boomerang,The Woolen Men
1957,Dogs,The Woolen Men
1958,Call,His Electro Blue Voice
1959,In the City,Nothing People
1960,Lady,Fast lady
1961,I Do What I Do,The Yolks
1962,Babies,The Set of Red Things
1963,Between,The Set of Red Things
1964,Another Planet,The Functional Blackouts
1965,Track 12,The Wire Orchestra
1966,Evolution,The Wire Orchestra
1967,Black Hole,Mike Rep and the Quotas
1968,Dracula Mountain,Lightning Bolt
1969,Vietnam,Here Comes A Big Black Cloud!!
1970,Alanis Morissette,Delusions of Grandeur
1971,I,Animals & Men
1972,Let's Go Down,Family Of The Year
1973,Lost at Sea,The Snails
1974,Lips #2,The Pink Noise
1975,Glam,The Pink Noise
1976,Toad,The Pink Noise
1977,Horse,Pigeons & Crazy Porridgemakers
1978,Teenage Kicks,The Unfinished Sympathy
1979,The River,Confusion Is Next
1980,Fake French,Le Tigre
1981,Not Right,The Ridiculous Trio
1982,The Four of Us are Dying,Nine Inch Nails
1983,Corona Radiata,Nine Inch Nails
1984,Lights in the Sky,Nine Inch Nails
1985,Head Down,Nine Inch Nails
1986,Echoplex,Nine Inch Nails
1987,Ghost,The Blood Lemons
1988,One More Reason,Fresh Body Shop
1989,My Friends,The Franks
1990,The Hollow,The Seventh Necronation
1991,Plastic Plastic,The Home Phonema
1992,Conspiracy,Louis Lingg and The Bombs
1993,InstruMental,The Metamatics
1994,You Want It All,Bombay Laughing Club
1995,The Tower,The Pink Noise
1996,BEAT 'EM,The Matt Kurz One
1997,For Kate I Wait,Ariel Pink's Haunted Graffiti
1998,My Artificial Sun,Fresh Body Shop
1999,New Dress,The Gotobeds
2000,Never End Up Like This,Fresh Body Shop
2001,Old Tree,Creepoid
2002,Spring Day 1,Amar Lal
2003,Excessive Resistance to Change,Joel Helander
2004,Flying,Aimee Norwich
2005,Waterduct,Ava Luna
2006,Air Traffic,Clara Berry and Wooldog
2007,Heavy Love,Dreamers of the Ghetto
2008,Disturbing Wildlife,Invisible Familiars
2009,Definition,Joel Helander
2010,Yatora,Karim Douaidy
2011,Toynbee Suite,Lushlife
2012,Impressions of Saturn,Matthew Entwistle
2013,The Arch,Matthew Entwistle
2014,You Listen,Meaxic
2015,Bester Jungling,NYU
2016,Chinese Jiang Nan,Music Delta
2017,Funk Jazz,Music Delta
2018,Modal Jazz,Music Delta
2019,The Broken Pledge - Chicago Reel,Phoenix
2020,The Collier's Daughter,Phoenix
2021,Stay Even,Port St Willow
2022,Mignon (Kennst du das Land) Op.92a Mvt.1,NYU
2023,Spacestation,Strand of Oaks
2024,Captain Sky,Tabla Breakbeat Science
2025,Rock Steady,Tabla Breakbeat Science
2026,Scorpio,Tabla Breakbeat Science
2027,Vermont,The Districts
2028,Les Fleurs Du Mal,The Scarlet Brand
2029,Night Owl,A Classic Education
2030,990,In Faded Glory
2031,Go,No
2032,Song For Jade,Kryptic Mood
2033,Uranium,Hunt Club
2034,Hey! beauty,Jacques COUTURIER
2035,Mit dem Unibalett im Ulmer Monster tanzen,Die Partysahnen
2036,Feel-ipson,Feel-ipson
2037,Dreamworld,engeo
2038,rouge et blues,Fabrice Collette
2039,Le Blues du Fantome,FOOL DADAZ FIRE
2040,FUCK THE WAR,Ralph Buckley
2041,Little White Church,Steven Dunston
2042,Classical Delay,Ogg Vorbis
2043,Summer,Matti Paalanen
2044,Habanera,Manuzik
2045,Jazzy Mode,Behrang Shegarfkar
2046,O Pindo,PELdeNOZ
2047,La note en cage,AdHoc
2048,Travelling in balochistan - late night highway,Maneros productions
2049,Lonely Fool,Steve.e!
2050,Homecoming,BeatRaider
2051,a fleur de peau,elbrujo
2052,Les 3 singes,Juice lee
2053,Neon,ADC LEVEL
2054,Interlude,Tom La Meche
2055,Vide grenier,Goo Goo Cluster
2056,happy child singing,Ruediger Kramer
2057,Au Feu,La Verue
2058,Inside Views,La Verue
